"0","N/A"
"1","FLUOROTHYMIDINE F-18"
"2","AMINOPYRIDINE"
"3","RETINOL"
"4","VITAMINE A"
"5","AMPHOTERICINE B"
"6","ARIPIPRAZOLE"
"7","TETRACYCLINE"
"8","GADOFOSVESET"
"9","PACLITAXEL"
"10","EPOETINE"
"11","ALANINE"
"12","ACIDE NALIDIXIQUE"
"13","ACIDE ZOLEDRONIQUE"
"14","TIOPRONINE"
"15","ACARBOSE"
"16","ARGININE"
"17","ACEBUTOLOL"
"18","ACECLOFENAC"
"19","ACETAZOLAMIDE"
"20","ACETYLCHOLINE"
"21","ACETYLCYSTEINE"
"22","ACETYLLEUCINE"
"23","ACICLOVIR"
"24","ACIDE ASCORBIQUE"
"25","ACIDE FOLIQUE"
"26","ACIDE FUSIDIQUE"
"27","FUSIDATE"
"28","ACIDE URSODESOXYCHOLIQUE"
"29","ALUMINIUM"
"30","GALACTANE"
"31","GLYCINE"
"32","ACLARUBICINE"
"33","ANTITHROMBINE HUMAINE"
"34","MINOCYCLINE"
"35","NIMUSTINE"
"36","RIMONABANT"
"37","FACTEUR DE COAGULATION HUMAIN"
"38","ANTIGENE"
"39","INFLUENZAE TETANOS"
"40","CYPRODENATE"
"41","ARTICHAUT"
"42","FUMETERRE"
"43","CHARBON"
"44","PAPAVERINE"
"45","TRIPROLIDINE"
"46","CETIRIZINE"
"47","PARACETAMOL"
"48","PSEUDOEPHEDRINE"
"49","CHLORPHENAMINE"
"50","DEXTROMETHORPHANE"
"51","GLUCOSE"
"52","ACIDE CITRIQUE"
"53","BETAINE"
"54","MAGNESIUM"
"55","ORNITHINE"
"56","SORBITOL"
"57","ALTEPLASE"
"58","FENTANYL"
"59","MORPHINE"
"60","SACCHAROMYCES"
"61","SODIUM"
"62","ACIDE ACETYLSALICYLIQUE"
"63","NORETHISTERONE"
"64","ERYSIUM"
"65","MATRICAIRE"
"66","CARBOCISTEINE"
"67","LIERRE"
"68","RISEDRONATE"
"69","COLECALCIFEROL"
"70","UROKINASE"
"71","INSULINE HUMAINE"
"72","CAFEINE"
"73","KETOPROFENE"
"74","HYDROCHLOROTHIAZIDE"
"75","KETOROLAC"
"76","TROMETAMOL"
"77","NEFOPAM"
"78","DIGITOXINE"
"79","PEGADEMASE BOVINE"
"80","NIFEDIPINE"
"81","GLAFENINE"
"82","MEPROBAMATE"
"83","THIOCOLCHICOSIDE"
"84","NICORANDIL"
"85","ADAPALENE"
"86","XANTOFYLE"
"87","ROPINIROLE"
"88","LOXAPINE"
"89","BRENTUXIMAB VEDOTIN"
"90","TADALAFIL"
"91","ADEFOVIR"
"92","RIOCIGUAT"
"93","ACIDE DESOXYRIBONUCLEIQUE"
"94","ADENOSINE"
"95","FEBUXOSTAT"
"96","SULFADIAZINE"
"97","FLUDROCORTISONE"
"98","EXIFONE"
"99","TACROLIMUS"
"100","EPINEPHRINE"
"101","CARBAZOCHROME"
"102","IOBENGUANE"
"103","IODE"
"104","PROPRANOLOL"
"105","DOXORUBICINE"
"106","ACIDE ALENDRONIQUE"
"107","OCTOCOG ALFA"
"108","IBUPROFENE"
"109","AUBEPINE"
"110","PHENOBARBITAL"
"111","ACETANILIDE"
"112","CORTICO SURRENALE"
"113","EPHEDRINE"
"114","PEPTONE"
"115","THIAMINE (VITAMINE B1)"
"116","DESLORATADINE"
"117","DIMETICONE"
"118","PANCREAS PORC"
"119","ESTRADIOL"
"120","BROME"
"121","CALCIUM"
"122","METHENAMINE"
"123","ISOFLURANE"
"124","LAUROMACROGOL"
"125","FUCUS"
"126","ORTHOSIPHON"
"127","REINE DES PRES"
"128","EVEROLIMUS"
"129","TRIAMCINOLONE"
"130","AMPRENAVIR"
"131","ISPAGHUL"
"132","AGOMELATINE"
"133","VERALIPRIDE"
"134","ANAGRELIDE"
"135","ANTIGENE GRIPPE"
"136","VIRUS GRIPPE A"
"137","MECLOZINE"
"138","SULPIRIDE"
"139","INDOMETACINE"
"140","SALBUTAMOL"
"141","BIPERIDINE"
"142","VENIN ABEILLE"
"143","VENIN GUEPE"
"144","ALBUMINE"
"145","ALBUMINE HUMAINE"
"146","ETHANOL"
"147","BEPHENIUM"
"148","ACIDE HYDROXYBUTYRIQUE"
"149","ALTIZIDE"
"150","SPIRONOLACTONE"
"151","FUROSEMIDE"
"152","IMIQUIMOD"
"153","CANRENOATE"
"154","RESCINNAMINE"
"155","METHYLDOPA"
"156","LARONIDASE"
"157","AZELASTINE"
"158","NAPROXENE"
"159","AMYLASE"
"160","ALFACALCIDOL"
"161","ANTITRYPSINE HUMAINE"
"162","ALFUZOSINE"
"163","ACIDE SALICYLIQUE"
"164","DIETHYLAMINE"
"165","MYRTE"
"166","CODEINE"
"167","HYDROXYDE D'ALUMINIUM"
"168","POTASSIUM"
"169","COBALT"
"170","HYDROXOCOBALAMINE"
"171","PYRIDOXINE"
"172","THIAMINE"
"173","MECOBALAMINE"
"174","METAMIZOLE"
"175","SCOPOLAMINE"
"176","DEXTROPROPOXYPHENE"
"177","DIPROQUALONE"
"178","ETHENZAMIDE"
"179","PROMETHAZINE"
"180","PEMETREXED"
"181","CHLORMEZANONE"
"182","NITAZOXANIDE"
"183","PANCRELIPASE"
"184","MELPHALAN"
"185","CLIOQUINOL"
"186","FLUMETASONE"
"187","DIPHENHYDRAMINE"
"188","IMMUNOGLOBULINE HUMAINE"
"189","CARBINOXAMINE"
"190","IMMUNOGLOBULINE PLACENTAIRE HUMAINE"
"191","ORLISTAT"
"192","AUROTHIOPROPANOL"
"193","OR"
"194","TERPINE"
"195","LODOXAMIDE"
"196","MINOXIDIL"
"197","GLYCEROL"
"198","TALC"
"199","ZINC"
"200","ZINC OXYDE"
"201","PALONOSETRON"
"202","MIRISTALKONIUM"
"203","CHIENDENT"
"204","GENIEVRE"
"205","MAIS"
"206","PRELE"
"207","ARTICAINE"
"208","CHYMOTRYPSINE"
"209","BRIMONIDINE"
"210","MUCOPOLYSACCHARIDASES"
"211","TRYPSINE"
"212","ALPROSTADIL"
"213","GUIMAUVE"
"214","OLMESARTAN"
"215","CORTIVAZOL"
"216","SILICE HYDRATEE"
"217","ORCIPRENALINE"
"218","CICLESONIDE"
"219","ASCORBATE"
"220","BIOTINE"
"221","CYANOCOBALAMINE"
"222","NICOTINAMIDE"
"223","PANTOTHENATE"
"224","RIBOFLAVINE"
"225","TOCOPHEROL ALFA"
"226","AMANTADINE"
"227","GLIMEPIRIDE"
"228","NIFUROXAZIDE"
"229","NIRIDAZOLE"
"230","AMBROXOL"
"231","MITOMYCINE"
"232","ROMIPLOSTIME"
"233","AMYLE"
"234","LEVOMENTHOL"
"235","PHENOLS"
"236","SALICYLATE"
"237","AMIKACINE"
"238","ACIDE SORBIQUE"
"239","METRIZAMIDE"
"240","AMLODIPINE"
"241","AMOXICILLINE"
"242","CLAVULANATE"
"243","HEPTAMINOL"
"244","ACIDE BROMOHYDROXYNAPHTOIQUE"
"245","DOCUSATE"
"246","THEOPHYLLINE"
"247","SULFAMETHOXAZOLE"
"248","TRIMETHOPRIME"
"249","AMSACRINE"
"250","BIFONAZOLE"
"251","UREE"
"252","DIASTASE"
"253","CHLORHEXIDINE"
"254","AMOBARBITAL"
"255","BENZALKONIUM"
"256","PHENYLEPHRINE"
"257","CLOMIPRAMINE"
"258","NILUTAMIDE"
"259","ALPIDEM"
"260","ANASTROZOLE"
"261","METOCLOPRAMIDE"
"262","FLUCYTOSINE"
"263","ANDROSTANOLONE"
"264","CYPROTERONE"
"265","TESTOSTERONE"
"266","LIDOCAINE"
"267","PRILOCAINE"
"268","FLUMAZENIL"
"269","DROSPIRENONE"
"270","ETAIN"
"271","STANNEUX"
"272","CHROMOCARBE"
"273","BIVALIRUDINE"
"274","PYRICARBATE"
"275","ACIDE PROPIONIQUE"
"276","HEXETIDINE"
"277","HEXAMIDINE"
"278","TETRACAINE"
"279","TRINITRINE"
"280","AMFEPRAMONE"
"281","RIFABUTINE"
"282","FLURBIPROFENE"
"283","APROTININE"
"284","OXEDRINE"
"285","OXYGENE"
"286","PROTOXYDE D'AZOTE"
"287","NALTREXONE"
"288","PIPERAZINE"
"289","GERANIOL"
"290","NIAOULI"
"291","DITHRANOL"
"292","LACTOBACILLUS"
"293","ERYTHROMYCINE"
"294","ISOTRETINOINE"
"295","PHYSOSTIGMINE"
"296","METFORMINE"
"297","LOPERAMIDE"
"298","CYANURE"
"299","FER"
"300","DESOGESTREL"
"301","BILE"
"302","LOTIER"
"303","MELILOT"
"304","SULFINPYRAZONE"
"305","BENZBROMARONE"
"306","PASSIFLORE"
"307","VALERIANE"
"308","SPARTEINE"
"309","BROMAZEPAM"
"310","MEQUINOL"
"311","DOLASETRON"
"312","ACAMPROSATE"
"313","ISOTHIPENDYL"
"314","TIOCLOMAROL"
"315","BUCLIZINE"
"316","LINDANE"
"317","GLULISINE"
"318","INSULINE"
"319","APOMORPHINE"
"320","IRBESARTAN"
"321","ALPRENOLOL"
"322","TIPRANAVIR"
"323","FLUMEQUINE"
"324","CARBOMERE"
"325","SODIUM CHLORURE"
"326","CYTARABINE"
"327","DARBEPOETINE"
"328","LEFLUNOMIDE"
"329","SULBUTIAMINE"
"330","MONOFLUOROPHOSPHATE"
"331","ETORICOXIB"
"332","ACIDE PAMIDRONIQUE"
"333","COLLARGOL"
"334","GRAMICIDINE"
"335","VASOPRESSINE"
"336","PECTINE"
"337","THENYLDIAMINE"
"338","DONEPEZIL"
"339","ARTESUNATE"
"340","FONDAPARINUX"
"341","ANGELIQUE"
"342","ARMOISE"
"343","BALLOTE"
"344","BARDANE"
"345","BOLDO"
"346","BOUILLON BLANC"
"347","BOULEAU"
"348","BRUYERE"
"349","BUSSEROLE"
"350","THE"
"351","THEINE"
"352","CASSIS"
"353","CHARDON"
"354","COQUELICOT"
"355","GUARANA"
"356","CYPRES"
"357","ELEUTHEROCOQUE"
"358","ESCHSCHOLTZIA"
"359","EUCALYPTUS"
"360","FENOUIL"
"361","FENUGREC"
"362","HUILE FOIE MORUE"
"363","PETIT HOUX"
"364","FRENE"
"365","GINSENG"
"366","CAROUBE"
"367","GOMME"
"368","HAMMAMELIS"
"369","HARPAGOPHYTON"
"370","HOUBLON"
"371","STERCULIA"
"372","KOLA"
"373","LAMIER BLANC"
"374","LAVANDE"
"375","MARRON D'INDE"
"376","MARRUBE"
"377","MATE"
"378","MAUVE"
"379","MELISSE"
"380","MILLEPERTUIS"
"381","MYRTILLE"
"382","OLIVIER"
"383","ORTIE"
"384","PAPAYER"
"385","CAMOMILLE"
"386","PENSEE"
"387","PILOSELLE"
"388","PIN"
"389","PISSENLIT"
"390","GRIOTTIER"
"391","ROMARIN"
"392","SAUGE"
"393","SAULE"
"394","THYM"
"395","TILLEUL"
"396","VERGETTE"
"397","VIGNE ROUGE"
"398","NYSTATINE"
"399","PANCREAS"
"400","ARNICA"
"401","LISURIDE"
"402","EXEMESTANE"
"403","NELARABINE"
"404","QUININE"
"405","DIACEREINE"
"406","TRIHEXYPHENIDYLE"
"407","HYPROMELLOSE"
"408","AIL"
"409","TERTATOLOL"
"410","SULINDAC"
"411","ENOXOLONE"
"412","ACIDE GADOTERIQUE"
"413","DICLOFENAC"
"414","MISOPROSTOL"
"415","OFATUMUMAB"
"416","POLLENS LIPOSOLUBLES"
"417","DIPYRIDAMOLE"
"418","ASPERGILLUS"
"419","BECLOMETASONE"
"420","FORMOTEROL"
"421","ASPARAGINASE"
"422","MEPYRAMINE"
"423","PHENACETINE"
"424","MOROXYDINE"
"425","JUSQUIAME"
"426","BELLADONE"
"427","LOBELIE"
"428","DEANOL"
"429","CANDESARTAN"
"430","HYDROXYZINE"
"431","NEOMYCINE"
"432","POLYMYXINE B"
"433","ATENOLOL"
"434","COLLAGENE"
"435","CLOFIBRATE"
"436","MIANSERINE"
"437","LORAZEPAM"
"438","INOSINE"
"439","ATORVASTATINE"
"440","PENTOXYVERINE"
"441","SULFOGAIACOL"
"442","MYRTOL"
"443","PHOLCODINE"
"444","ATOVAQUONE"
"445","PROGUANIL"
"446","ATRACURIUM"
"447","TENONITROZOLE"
"448","EFAVIRENZ"
"449","EMTRICITABINE"
"450","TENOFOVIR"
"451","DIFEBARBAMATE"
"452","FEBARBAMATE"
"453","ATROPINE"
"454","IPRATROPIUM"
"455","OXYMETAZOLINE"
"456","TERIFLUNOMIDE"
"457","DEXAMETHASONE"
"458","OXYTETRACYCLINE"
"459","FARINE DE LIN"
"460","MOUTARDE"
"461","PENTAERYTHRITOL"
"462","CAMYLOFINE"
"463","ROSIGLITAZONE"
"464","FLUTICASONE"
"465","BEVACIZUMAB"
"466","VIRUS HEPATITE A"
"467","MOXIFLOXACINE"
"468","RAMIPRIL"
"469","DUTASTERIDE"
"470","INTERFERON BETA"
"471","RECOMBINANT"
"472","AXITINIB"
"473","PIRACETAM"
"474","AZTREONAM"
"475","BRINZOLAMIDE"
"476","TIMOLOL"
"477","AZATHIOPRINE"
"478","NALBUPHINE"
"479","RASAGILINE"
"480","BETA CAROTENE"
"481","CHROME"
"482","CUIVRE"
"483","MANGANESE"
"484","PHOSPHORE"
"485","SELENITE"
"486","SELENIUM"
"487","AZITHROMYCINE"
"488","GUAIAZULENE"
"489","PHOSPHATE"
"490","BUTACAINE"
"491","DIMERCAPROL"
"492","ADENINE"
"493","BACAMPICILLINE"
"494","BACITRACINE"
"495","BACLOFENE"
"496","BACILLE"
"497","SUBTILIS"
"498","BAUME DU PEROU"
"499","BENJOIN"
"500","TETRAMETHYL"
"501","ENTECAVIR"
"502","FENPIPRAMIDE"
"503","PITOFENONE"
"504","CLONIDINE"
"505","BENZYLTHIOURACILE"
"506","GIROFLE"
"507","PIMENT JAMAIQUE"
"508","CAMPHRE"
"509","CAPSICUM"
"510","SECNIDAZOLE"
"511","REGORAFENIB"
"512","NITRENDIPINE"
"513","FLUCONAZOLE"
"514","DIBUNATE"
"515","MONTMORILLONITE"
"516","BEZAFIBRATE"
"517","ETHINYLESTRADIOL"
"518","CHLORMADINONE"
"519","ERGOTAMINE"
"520","LOMUSTINE"
"521","DIFETARSONE"
"522","BENAZEPRIL"
"523","NONACOG ALFA"
"524","PROBENECIDE"
"525","BENFLUOREX"
"526","BELIMUMAB"
"527","BEFUNOLOL"
"528","PEROXYDE BENZOYLE"
"529","GUANOXABENZ"
"530","BENZNIDAZOLE"
"531","BENZODODECINIUM"
"532","PANTHENOL"
"533","INHIBITEUR C1 ESTERASE HUMAIN"
"534","TASONERMINE"
"535","FENOTEROL"
"536","POVIDONE"
"537","LEVOBUNOLOL"
"538","BETAHISTINE"
"539","BETAMETHASONE"
"540","METIPRANOLOL"
"541","PENBUTOLOL"
"542","BETAXOLOL"
"543","BETHANECHOL"
"544","PITOLISANT"
"545","CIPROFIBRATE"
"546","METRONIDAZOLE"
"547","SPIRAMYCINE"
"548","BISMUTH"
"549","GAIACOL"
"550","DILTIAZEM"
"551","TRIETHANOLAMINE"
"552","AFATINIB"
"553","BICALUTAMIDE"
"554","CARNITINE"
"555","HESPERIDINE"
"556","CLARITHROMYCINE"
"557","BENZYLPENICILLINE"
"558","CARMUSTINE"
"559","BIFIDOBACTERIUM"
"560","BILASTINE"
"561","HYMECROMONE"
"562","IOTROXATE"
"563","MENADIONE"
"564","PRAZIQUANTEL"
"565","SECOBARBITAL"
"566","GERME DE BLE"
"567","CETHEXONIUM"
"568","PHENYLTOLOXAMINE"
"569","TRAMADOL"
"570","DOMPERIDONE"
"571","INDAPAMIDE"
"572","PERINDOPRIL"
"573","ALCOOL BENZYLIQUE"
"574","BISOPROLOL"
"575","BROMHEXINE"
"576","BITHIONOL"
"577","REGLISSE"
"578","BLEOMYCINE"
"579","BLEU EVANS"
"580","METHYLTHIONINIUM"
"581","BLEU PATENTE (E131)"
"582","DACLATASVIR"
"583","BOCEPREVIR"
"584","TOXINE BOTULIQUE A"
"585","BOURDAINE"
"586","BOLDINE"
"587","SENE"
"588","LICHEN"
"589","PHENOLPHTALEINE"
"590","IBANDRONATE"
"591","ACIDE BORIQUE"
"592","BORE"
"593","MEPOLIZUMAB"
"594","BOSUTINIB"
"595","NADOXOLOL"
"596","BRETYLIUM"
"597","ESMOLOL"
"598","METHOHEXITAL"
"599","TERBUTALINE"
"600","SUGAMMADEX"
"601","TICAGRELOR"
"602","CLOPAMIDE"
"603","PROPAMIDINE"
"604","IDROCILAMIDE"
"605","BROMOSULFONEPHTALEINE"
"606","EUCALYPTOL"
"607","ACONIT"
"608","MENTHOL"
"609","NOSCAPINE"
"610","CETYLPYRIDINIUM"
"611","MIDAZOLAM"
"612","BUDESONIDE"
"613","BUFEXAMAC"
"614","BUFLOMEDIL"
"615","BUPIVACAINE"
"616","BUPRENORPHINE"
"617","BUMETANIDE"
"618","BUSULFAN"
"619","BUSPIRONE"
"620","PHENYLBUTAZONE"
"621","MEQUITAZINE"
"622","BUTOBARBITAL"
"623","EXENATIDE"
"624","CABERGOLINE"
"625","CALCITONINE DE SAUMON"
"626","DCALAMINE"
"627","CALCITRIOL"
"628","HEPARINE"
"629","CALCITONINE DE PORC"
"630","ERGOCALCIFEROL"
"631","POLYSTYROL"
"632","LACIDIPINE"
"633","CALENDULA"
"634","HYDROCORTISONE"
"635","PIMETIXENE"
"636","KAOLIN"
"637","TERPINEOL"
"638","IRINOTECAN"
"639","CASPOFUNGINE"
"640","CLOTRIMAZOLE"
"641","APHLOIA"
"642","CYNARA"
"643","PYROLE OMBELLEE"
"644","LYSOZYME"
"645","STROPHANTUS"
"646","MEPENZOLATE"
"647","MINAPRINE"
"648","CAPREOMYCINE"
"649","CAPECITABINE"
"650","DIHYDROERGOTOXINE"
"651","SERENOA REPENS"
"652","CAPTOPRIL"
"653","VANDETANIB"
"654","FENETYLLINE"
"655","ACIDE CARGLUMIQUE"
"656","CARBAMAZEPINE"
"657","LEVODOPA"
"658","MEPIVACAINE"
"659","CARBOPLATINE"
"660","SIMETHICONE"
"661","COLESTYRAMINE"
"662","TRIMETAZIDINE"
"663","CYSTEINE"
"664","TETRAKIS"
"665","DEXRAZOXANE"
"666","ERYTHRITYLE"
"667","DOXAZOSINE"
"668","CARFILZOMIB"
"669","GESTODENE"
"670","MOXISYLITE"
"671","CARMIN"
"672","CARTEOLOL"
"673","PILOCARPINE"
"674","PYRAZINOBUTAZONE"
"675","CARVEDILOL"
"676","CHLORMETHINE"
"677","ARCITUMOMAB"
"678","CHLORAMPHENICOL"
"679","ALIBENDOL"
"680","OXYBUPROCAINE"
"681","IBACITABINE"
"682","CEFACLOR"
"683","CEFADROXIL"
"684","CEFAPIRINE"
"685","CEFALOTINE"
"686","CEFALEXINE"
"687","CEFAZOLINE"
"688","CEFRADINE"
"689","CEFIXIME"
"690","HOMOHARRINGTONINE"
"691","CEFMENOXIME"
"692","CEFOXITINE"
"693","CEFPODOXIME"
"694","CEFTAZIDIME"
"695","CEFTRIAXONE"
"696","CEFUROXIME"
"697","CELECOXIB"
"698","CELIPROLOL"
"699","DEXCHLORPHENIRAMINE"
"700","ELLIPTINIUM"
"701","MYCOPHENOLATE"
"702","ETOPOSIDE"
"703","CARMELLOSE"
"704","SUXAMETHONIUM"
"705","CEFACETRILE"
"706","MARAVIROC"
"707","FENOFIBRATE"
"708","ANTICORPS HA 1A"
"709","PROXIBARBAL"
"710","ESCULOSIDE"
"711","GELSEMIUM"
"712","IRIS"
"713","NOIX VOMIQUE"
"714","SPIGELIE"
"715","CEFALORIDINE"
"716","PROTEINE C HUMAINE"
"717","ALGLUCERASE"
"718","EXAMETAZIME"
"719","IMIGLUCERASE"
"720","TROSPIUM"
"721","CERITINIB"
"722","CERULETIDE"
"723","POLYSORBATE"
"724","GEMEPROST"
"725","PAPILLOMAVIRUS HUMAIN"
"726","DIHYDROERGOCRISTINE"
"727","LOMIFYLLINE"
"728","VINBURNINE"
"729","CETRIMIDE"
"730","HISTIDINE"
"731","HYDROXYMETHIONINE"
"732","LEUCINE"
"733","LYSINE"
"734","THREONINE"
"735","TYROSINE"
"736","VALINE"
"737","CETRORELIX"
"738","VARENICLINE"
"739","EDETATE"
"740","ACIDE DESOXYCHOLIQUE"
"741","FINASTERIDE"
"742","NORFLOXACINE"
"743","LEVOBUPIVACAINE"
"744","CHLORAL"
"745","CHLORAMBUCIL"
"746","AMMONIUM"
"747","ALCOOL PROPYLIQUE"
"748","CHLOROBUTANOL"
"749","ACIDE CHOLIQUE"
"750","CERIVASTATINE"
"751","CHONDROITINE"
"752","XIPAMIDE"
"753","BROMPHENIRAMINE"
"754","PHENYLPROPANOLAMINE"
"755","TECLOTHIAZIDE"
"756","CITALOPRAM"
"757","CALCITONINE HUMAINE"
"758","CICLETANINE"
"759","CICLOPIROX"
"760","CICLOSPORINE"
"761","CIDOFOVIR"
"762","CIPROFLOXACINE"
"763","CILAZAPRIL"
"764","NORGESTIMATE"
"765","CIMETIDINE"
"766","CERTOLIZUMAB"
"767","FENBUFENE"
"768","MELATONINE"
"769","TOCOPHEROL"
"770","TROXERUTINE"
"771","CISATRACURIUM"
"772","CISPLATINE"
"773","OXYDE DE MAGNESIUM"
"774","CHOLINE"
"775","CITRON"
"776","FLAVONOIDES"
"777","CLADRIBINE"
"778","ROXITHROMYCINE"
"779","CLOBETASOL"
"780","LORATADINE"
"781","DODECLONIUM"
"782","CODETHYLINE"
"783","CLODRONATE"
"784","MEDIFOXAMINE"
"785","TIAPRIDE"
"786","CLEVIDIPINE"
"787","DYDROGESTERONE"
"788","FRAGON"
"789","HYDRASTIS"
"790","VIBURNUM"
"791","DIENOGEST"
"792","CLINDAMYCINE"
"793","LIDOFLAZINE"
"794","HUILE DE SOJA"
"795","HUILE D'OLIVE"
"796","REVIPARINE"
"797","CLOMIFENE"
"798","TOSYLCHLORAMIDE"
"799","CLOPIDOGREL"
"800","ZUCLOPENTHIXOL"
"801","DIMENHYDRINATE"
"802","PROCAINE"
"803","FIBRINOGENE HUMAIN"
"804","CLOXACILLINE"
"805","CLOZAPINE"
"806","ENALAPRIL"
"807","COBAMAMIDE"
"808","BENZATROPINE"
"809","LATANOPROST"
"810","COLCHICINE"
"811","TIEMONIUM"
"812","COLESTIPOL"
"813","COLISTINE"
"814","COLISTIMETHATE"
"815","TYROTHRICINE"
"816","NAPHTAZOLINE"
"817","PENTOSANE"
"818","THIOMERSAL"
"819","MENTHE"
"820","MEBEVERINE"
"821","ANTIGENE STAPHYLOCOCCUS"
"822","HYDROXYESTRONE"
"823","CHLORQUINALDOL"
"824","PROMESTRIENE"
"825","MEDROGESTONE"
"826","LAMIVUDINE"
"827","ZIDOVUDINE"
"828","TAMSULOSINE"
"829","PIOGLITAZONE"
"830","ENTACAPONE"
"831","METHYLPHENIDATE"
"832","PODOPHYLLOTOXINE"
"833","BISACODYL"
"834","IOTALAMATE"
"835","GLATIRAMERE"
"836","RIBAVIRINE"
"837","GRINDELIA"
"838","DIGOXINE"
"839","NIKETHAMIDE"
"840","BEPRIDIL"
"841","FENALCOMINE"
"842","NADOLOL"
"843","MILRINONE"
"844","PREDNISONE"
"845","FRAMYCETINE"
"846","CORTISONE"
"847","MOLSIDOMINE"
"848","LINSIDOMINE"
"849","IBUTILIDE"
"850","ACIDE NICOTINIQUE"
"851","PENTIFYLLINE"
"852","DACTINOMYCINE"
"853","DORZOLAMIDE"
"854","VALSARTAN"
"855","ZOFENOPRIL"
"856","EPROSARTAN"
"857","WARFARINE"
"858","CAPTODIAME"
"859","LOSARTAN"
"860","PANCREATINE"
"861","ROSUVASTATINE"
"862","INDINAVIR"
"863","CRIZOTINIB"
"864","DAPTOMYCINE"
"865","FOIE"
"866","PHOSPHOLIPIDE POUMON PORCIN"
"867","TRICLOCARBAN"
"868","DIENESTROL"
"869","CYCLANDELATE"
"870","NARINGINE"
"871","CYCLOSERINE"
"872","CYCLOTHIAZIDE"
"873","TRIAMTERENE"
"874","DULOXETINE"
"875","GANCICLOVIR"
"876","LIOTHYRONINE"
"877","RAMUCIRUMAB"
"878","CYSTEAMINE"
"879","AMINOGLUTETHIMIDE"
"880","CYCLOBUTYROL"
"881","ASPARTAM (E951)"
"882","DACARBAZINE"
"883","DECITABINE"
"884","OXALIPLATINE"
"885","CELLULOSE"
"886","AMYLASE DE PORC"
"887","CELLULASE FONGIQUE"
"888","PIPERIDOLATE"
"889","PROTEASE FONGIQUE"
"890","RIZOLIPASE"
"891","MICONAZOLE"
"892","DANAZOL"
"893","DANTROLENE"
"894","GLIBENCLAMIDE"
"895","DAPSONE"
"896","DASABUVIR"
"897","DASATINIB"
"898","GENTAMICINE"
"899","IOFLUPANE"
"900","SERRAPEPTASE"
"901","DIBEKACINE"
"902","TRIMEBUTINE"
"903","TRIPTORELINE"
"904","ACIDE DEHYDROCHOLIQUE"
"905","ETAMIPHYLLINE"
"906","TOBRAMYCINE"
"907","VANCOMYCINE"
"908","MEPHENESINE"
"909","UBIDECARENONE"
"910","CALCIFEDIOL"
"911","AMOXAPINE"
"912","DEFERIPRONE"
"913","DEFEROXAMINE"
"914","DEFIBROTIDE"
"915","EMETINE"
"916","CINCHOCAINE"
"917","PREDNISOLONE"
"918","METYROSINE"
"919","BUZEPIDE"
"920","CLOCINIZINE"
"921","VALPROATE"
"922","VALPROMIDE"
"923","METHYLPREDNISOLONE"
"924","MEDROXYPROGESTERONE"
"925","SELEGILINE"
"926","SAPONAIRE"
"927","ACORE"
"928","ALOES"
"929","BUGRANE"
"930","GENEVRIER"
"931","RHAPONTIC"
"932","DIHYDROERGOTAMINE"
"933","ECONAZOLE"
"934","LEVOMENOL"
"935","SALOL"
"936","PAROXETINE"
"937","PENTETRAZOL"
"938","DESMOPRESSINE"
"939","GLUCURONAMIDE"
"940","TOLTERODINE"
"941","DIHYDRALAZINE"
"942","MEBUTIZIDE"
"943","ETHAMBUTOL"
"944","ISONIAZIDE"
"945","DEXAMPHETAMINE"
"946","HYDROTALCITE"
"947","DEXTRAN"
"948","PHENYTOINE"
"949","CHLORPROPAMIDE"
"950","STIRIPENTOL"
"951","NAFTIDROFURYL"
"952","PHENPROBAMATE"
"953","GLICLAZIDE"
"954","BENZQUERCINE"
"955","SULFAGUANIDINE"
"956","RACECADOTRIL"
"957","PROPYROMAZINE"
"958","MIGLITOL"
"959","DIAZEPAM"
"960","BENZAMINE"
"961","SULTAMICILLINE"
"962","PINAVERIUM"
"963","DICLOXACILLINE"
"964","ETAMSYLATE"
"965","ETIDRONATE"
"966","FIDAXOMICINE"
"967","ACIDE TIENILIQUE"
"968","AIRELLE"
"969","ENTEROKINASE"
"970","PAPAINE"
"971","PEPSINE"
"972","ANTIDIGITALIQUE"
"973","PARAMETHASONE"
"974","HYDROMORPHONE"
"975","NICOTINATE"
"976","DILOXANIDE"
"977","SERUM ALBUMINE HUMAINE"
"978","DIMETHYL FUMARATE"
"979","MAZINDOL"
"980","SERPOLET"
"981","DATURA"
"982","CLOBENZOREX"
"983","OXAMETACINE"
"984","DIOSMINE"
"985","IODOQUINOL"
"986","DIOSMECTITE"
"987","OLSALAZINE"
"988","GLUTAMINE"
"989","PROPOFOL"
"990","QUINOLINE"
"991","ORPHENADRINE"
"992","DISOPYRAMIDE"
"993","ISOSORBIDE"
"994","SILICE COLLOIDALE"
"995","DIETHYLSTILBESTROL"
"996","OXYBUTYNINE"
"997","DOBUTAMINE"
"998","DOCETAXEL"
"999","METHOXYSALICYLATE"
"1000","PHENYLPROPYLE"
"1001","GLUCOSAMINE"
"1002","TOLBUTAMIDE"
"1003","DIFLUNISAL"
"1004","ACIDE TIAPROFENIQUE"
"1005","DOLUTEGRAVIR"
"1006","HISTAPYRRODINE"
"1007","DOXYLAMINE"
"1008","TIXOCORTOL"
"1009","DOPEXAMINE"
"1010","DOPAMINE"
"1011","DOXAPRAM"
"1012","DORIPENEME"
"1013","PEROXYDE HYDROGENE"
"1014","EDOTREOTIDE"
"1015","OXOMEMAZINE"
"1016","DOBESILATE"
"1017","DOXYCYCLINE"
"1018","CASCARA"
"1019","DROPERIDOL"
"1020","BUTOFORME"
"1021","HYOSCYAMINE"
"1022","TRAVOPROST"
"1023","CLOMETACINE"
"1024","LACTULOSE"
"1025","INSULINE BOVINE"
"1026","ISOXSUPRINE"
"1027","RAUBASINE"
"1028","DIRITHROMYCINE"
"1029","PARECOXIB"
"1030","SOUFRE"
"1031","ORCHITINE"
"1032","DEXTROTHYROXINE"
"1033","DIHYDROXYDIBUTYLETHER"
"1034","RACEFEMINE"
"1035","EBASTINE"
"1036","MEMANTINE"
"1037","ANIDULAFUNGINE"
"1038","ACIDE ETACRYNIQUE"
"1039","ERDOSTEINE"
"1040","EDROPHONIUM"
"1041","RILPIVIRINE"
"1042","TRETINOINE"
"1043","VENLAFAXINE"
"1044","ETILEFRINE"
"1045","PRASUGREL"
"1046","FLUOROURACILE"
"1047","TRICLABENDAZOLE"
"1048","IDURSULFASE"
"1049","DESOXYRIBONUCLEASE"
"1050","FIBRINOLYSINE"
"1051","AMITRIPTYLINE"
"1052","PENTAERYTHRITYLE"
"1053","VINDESINE"
"1054","TALIGLUCERASE ALPHA"
"1055","PIMECROLIMUS"
"1056","LEUPRORELINE"
"1057","APIXABAN"
"1058","PRAVASTATINE"
"1059","ANIS"
"1060","CACHOU"
"1061","CUMIN"
"1062","ORANGE"
"1063","ULIPRISTAL"
"1064","LEVAMISOLE"
"1065","FOLLITROPINE"
"1066","LEVURE"
"1067","GATTILIER"
"1068","QUINQUINA"
"1069","SALICAIRE"
"1070","APREPITANT"
"1071","DARIFENACINE"
"1072","ETANERCEPT"
"1073","ENCAINIDE"
"1074","PYRITINOL"
"1075","VIRUS ENCEPHALITE"
"1076","IMMUNOGLOBULINE G HUMAINE"
"1077","INSULINE PORCINE"
"1078","PEPIN DE RAISIN"
"1079","ANTIGENE HEPATITE B"
"1080","ENOXACINE"
"1081","ORGE"
"1082","POLYENZYME FONGIQUE"
"1083","BROXYQUINOLINE"
"1084","DIHYDROSTREPTOMYCINE"
"1085","HOMATROPINE"
"1086","VEDOLIZUMAB"
"1087","ISOPROPAMIDE"
"1088","ENZALUTAMIDE"
"1089","BENZOCAINE"
"1090","EOSINE"
"1091","PHENACEMIDE"
"1092","CONSOUDE"
"1093","GELATINE"
"1094","EPIRUBICINE"
"1095","TOPIRAMATE"
"1096","DIFLUPREDNATE"
"1097","EPRATUZUMAB"
"1098","CITRULLINE"
"1099","ROSOXACINE"
"1100","DOCOSANOL"
"1101","CETUXIMAB"
"1102","RUTOSIDE"
"1103","METHYLCOLAMINE"
"1104","PHOSPHOCREATININE"
"1105","CRISANTASPASE"
"1106","RUTINE"
"1107","PIRFENIDONE"
"1108","BUPHENINE"
"1109","ESCINE"
"1110","ESCITALOPRAM"
"1111","GUANETHIDINE"
"1112","ALBENDAZOLE"
"1113","ROCURONIUM"
"1114","ESOMEPRAZOLE"
"1115","DISULFIRAM"
"1116","PROGESTERONE"
"1117","ESTRAMUSTINE"
"1118","STREPTOMYCINE"
"1119","GUANFACINE"
"1120","ETHAVERINE"
"1121","ACEFYLLINE PIPERAZINE"
"1122","IMMUNOGLOBULINE ANTI THYMOCYTE LAPINE"
"1123","ETHER OFFICINAL"
"1124","LEVONORGESTREL"
"1125","NAFTAZONE"
"1126","ETOMIDATE"
"1127","OXYCODONE"
"1128","ACIDE CAMPHORIQUE"
"1129","ANISATE"
"1130","CINNAMATE"
"1131","OPIUM"
"1132","GUAIFENESINE"
"1133","BROMOFORME"
"1134","NICAMETATE"
"1135","VILDAGLIPTINE"
"1136","FLUTAMIDE"
"1137","BUMADIZONE"
"1138","EPROZINOL"
"1139","URAPIDIL"
"1140","DIHYDROARTEMISININE"
"1141","PIPERAQUINE"
"1142","CROTAMITON"
"1143","PIRETANIDE"
"1144","LEVOTHYROXINE"
"1145","CLOROQUALONE"
"1146","GERANIUM"
"1147","DIPROPHYLLINE"
"1148","RALOXIFENE"
"1149","CLOFARABINE"
"1150","NORELGESTROMINE"
"1151","ACIDE TRANEXAMIQUE"
"1152","XIMELAGATRAN"
"1153","RIVASTIGMINE"
"1154","DEFERASIROX"
"1155","LYNESTRENOL"
"1156","OFLOXACINE"
"1157","TISOPURINE"
"1158","AFLIBERCEPT"
"1159","EZETIMIBE"
"1160","AGALSIDASE"
"1161","FAMOTIDINE"
"1162","FAMPRIDINE"
"1163","SULFADOXINE"
"1164","PYRIMETHAMINE"
"1165","TOREMIFENE"
"1166","TINIDAZOLE"
"1167","FULVESTRANT"
"1168","RASBURICASE"
"1169","ISOCONAZOLE"
"1170","PHENIRAMINE"
"1171","PROTHROMBINE"
"1172","PIROXICAM"
"1173","ANEMONE"
"1174","FELODIPINE"
"1175","LETROZOLE"
"1176","FENTIAZAC"
"1177","SACCHAROSE"
"1178","MALTOSE"
"1179","HEMICELLULASE"
"1180","FEXOFENADINE"
"1181","APRINDINE"
"1182","DECYLSULFATE"
"1183","ACIDE AZELAIQUE"
"1184","ICATIBANT"
"1185","AMIFAMPRIDINE"
"1186","DEGARELIX"
"1187","MESALAZINE"
"1188","CERIUM"
"1189","LEUCOCIANIDOL"
"1190","AMODIAQUINE"
"1191","FLECAINIDE"
"1192","FUMAGILLINE"
"1193","EPOPROSTENOL"
"1194","ESTRIOL"
"1195","FLUVOXAMINE"
"1196","FLUPENTIXOL"
"1197","ESTER CAMPHORIQUE"
"1198","FLUOROMETHOLONE"
"1199","FLUDARABINE"
"1200","TESTOLfACTONE"
"1201","ETHYLCYSTEINE"
"1202","THIAMPHENICOL"
"1203","MEGLUMINE"
"1204","ACIDE NIFLUMIQUE"
"1205","FLUNITRAZEPAM"
"1206","FLUORESCEINE"
"1207","METESCULETOL"
"1208","HALOTHANE"
"1209","FLUOXETINE"
"1210","FLUVASTATINE"
"1211","FLUBENDAZOLE"
"1212","FOLINATE"
"1213","OMOCONAZOLE"
"1214","TIADENOL"
"1215","MACROGOL"
"1216","FORODESINE"
"1217","TERIPARATIDE"
"1218","PENTAZOCINE"
"1219","SAQUINAVIR"
"1220","FOSCARNET"
"1221","FOSFOMYCINE"
"1222","FOSINOPRIL"
"1223","GLYCOCOLLE"
"1224","LANTHANE"
"1225","DALTEPARINE"
"1226","NADROPARINE"
"1227","PAROXYPROPIONE"
"1228","FRUCTOSE"
"1229","GRISEOFULVINE"
"1230","ENPROSTIL"
"1231","NITROFURANTOINE"
"1232","ENFUVIRTIDE"
"1233","PERAMPANEL"
"1234","GABAPENTINE"
"1235","TIAGABINE"
"1236","PROGABIDE"
"1237","GADOBUTROL"
"1238","GALANTAMINE"
"1239","GALLIUM"
"1240","IMMUNOGLOBULINE TETANIQUE HUMAINE"
"1241","BIMATOPROST"
"1242","OXYDE D'ALUMINIUM"
"1243","BARYUM"
"1244","AMIDOTRIZOATE"
"1245","ATTAPULGITE"
"1246","ACIDE ALGINIQUE"
"1247","VISMODEGIB"
"1248","PIMENT CAYENNE"
"1249","AGAR AGAR"
"1250","ETHANOLAMINE"
"1251","GEMCITABINE"
"1252","ESERIDINE"
"1253","SOMATROPINE"
"1254","SERMORELINE"
"1255","INOSITOCALCIUM"
"1256","ACIDE BENZOIQUE"
"1257","FINGOLIMOD"
"1258","AJMALINE"
"1259","GINKGO BILOBA"
"1260","ACECLIDINE"
"1261","GLIPIZIDE"
"1262","ACIDE AMINOLEVULINIQUE"
"1263","IMATINIB"
"1264","IMMUNOGLOBULINE ANTI LPC LAPINE"
"1265","GLUCAGON ANIMAL"
"1266","ANTIMOINE"
"1267","CARBUTAMIDE"
"1268","ACIDE GLUTAMIQUE"
"1269","GLIBORNURIDE"
"1270","PIRIDOXILATE"
"1271","TERLIPRESSINE"
"1272","TRIBENOSIDE"
"1273","GONADOTROPHINE"
"1274","TRANDOLAPRIL"
"1275","ARGENT"
"1276","GRANISETRON"
"1277","LENOGRASTIM"
"1278","ACIDE PARA AMINOSALICYLIQUE"
"1279","POLLEN PHLEOLE DES PRES"
"1280","COLCHIQUE"
"1281","THEOBROMINE"
"1282","DABRAFENIB"
"1283","GUAIETOLINE"
"1284","MIDODRINE"
"1285","TIOCONAZOLE"
"1286","BUTOCONAZOLE"
"1287","ERIBULINE"
"1288","TRIAZOLAM"
"1289","HALOPERIDOL"
"1290","HALOFANTRINE"
"1291","HALCINONIDE"
"1292","FLUOXYMESTERONE"
"1293","LEDIPASVIR"
"1294","SOFOSBUVIR"
"1295","PENTOXIFYLLINE"
"1296","AMIDON"
"1297","HYDROXYETHYLAMIDON"
"1298","HELICIDINE"
"1299","HEMATOPORPHYRINE"
"1300","CLOMETHIAZOLE"
"1301","ACIDE LACTIQUE"
"1302","COMBRETUM"
"1303","CURCUMA"
"1304","DIMECROATE"
"1305","PHOSPHORYLCHOLINE"
"1306","IMMUNOGLOBULINE HEPATITE B HUMAINE"
"1307","TOCAMPHYL"
"1308","TRASTUZUMAB"
"1309","IOXAGLATE"
"1310","ALTRETAMINE"
"1311","BICLOTYMOL"
"1312","HEXYLE"
"1313","SANGSUE"
"1314","ASTEMIZOLE"
"1315","HISTAMINE"
"1316","ZALCITABINE"
"1317","IFOSFAMIDE"
"1318","HUILE DE LIN"
"1319","TEREBENTHINE"
"1320","PARAFFINE"
"1321","HUILE DE RICIN"
"1322","PAROMOMYCINE"
"1323","LISPRO"
"1324","GONADOTROPHINE HUMAINE"
"1325","ADALIMUMAB"
"1326","TOLOXATONE"
"1327","HYALURONIDASE"
"1328","TOPOTECAN"
"1329","HYDROXYCARBAMIDE"
"1330","CHLORTALIDONE"
"1331","RESERPINE"
"1332","FLURAZEPAM"
"1333","DIAZOXIDE"
"1334","ANGIOTENSINAMIDE"
"1335","TRITOQUALINE"
"1336","FLUOROCHOLINE"
"1337","FLUORODOPA"
"1338","PIPERACILLINE"
"1339","TAZOBACTAM"
"1340","IBRUTINIB"
"1341","ISRADIPINE"
"1342","PONATINIB"
"1343","FLOCTAFENINE"
"1344","IDARUBICINE"
"1345","IMMUNOGLOBULINE CMV HUMAINE"
"1346","FRAGMENT F(ab') TETANIQUE EQUIN"
"1347","CANAKINUMAB"
"1348","ILOPROST"
"1349","METHOTREXATE"
"1350","SUMATRIPTAN"
"1351","CILASTATINE"
"1352","IMIPENEME"
"1353","CALMETTE ET GUERIN (BCG)"
"1354","POMALIDOMIDE"
"1355","IMMUNOGLOBULINE ANTIRABIQUE HUMAINE"
"1356","ZOPICLONE"
"1357","VIRUS POLIOMYELITE"
"1358","MILTEFOSINE"
"1359","LACTITOL"
"1360","CORYNEBACTERIUM"
"1361","FUSOBACTERIUM"
"1362","PSEUDODIPHTERICUM"
"1363","STAPHYLOCOCCUS AUREUS"
"1364","STREPTOCOCCUS SANGUIS"
"1365","INTERFERON GAMMA"
"1366","TELAPREVIR"
"1367","MECASERMINE"
"1368","DIBOTERMINE"
"1369","SIMVASTATINE"
"1370","PHENYLMERCURE"
"1371","INTERFERON ALFA"
"1372","SON DE BLE"
"1373","INFLIXIMAB"
"1374","VIRUS GRIPPE B"
"1375","VERT INDOCYANINE"
"1376","BERGAMOTE"
"1377","TINZAPARINE"
"1378","AMRINONE"
"1379","ACIDE SUCCINIQUE"
"1380","MONOXYDE D'AZOTE"
"1381","RUFINAMIDE"
"1382","OPIPRAMOL"
"1383","EPLERENONE"
"1384","EPTIFIBATIDE"
"1385","ETRAVIRINE"
"1386","CARBOCROMENE"
"1387","FLAVODATE"
"1388","TILBROQUINOL"
"1389","TILIQUINOL"
"1390","CRILANOMERE"
"1391","ERTAPENEME"
"1392","THYROIDE POUDRE PORCINE"
"1393","CADEXOMERE"
"1394","IOPAMIDOL"
"1395","APRACLONIDINE"
"1396","IPECA"
"1397","MANIDIPINE"
"1398","IPILIMUMAB"
"1399","PANTOPRAZOLE"
"1400","GEFITINIB"
"1401","IMOLAMINE"
"1402","RALTEGRAVIR"
"1403","FROVATRIPTAN"
"1404","METHYLCLOTHIAZIDE"
"1405","ACIDE MALIQUE"
"1406","DEXFENFLURAMINE"
"1407","ISOPRENALINE"
"1408","VERAPAMIL"
"1409","PHENOTHRINE"
"1410","ITRACONAZOLE"
"1411","IVACAFTOR"
"1412","ZOLPIDEM"
"1413","IVERMECTINE"
"1414","MILNACIPRAN"
"1415","RUXOLITINIB"
"1416","SITAGLIPTINE"
"1417","VINFLUNINE"
"1418","CABAZITAXEL"
"1419","OXACEPROL"
"1420","JOSAMYCINE"
"1421","CALAMUS"
"1422","PISCIDIE"
"1423","LOPINAVIR"
"1424","RITONAVIR"
"1425","KANAMYCINE"
"1426","KAWA"
"1427","POLYSTYRENE"
"1428","SUCRALFATE"
"1429","PROCYCLIDINE"
"1430","PALIFERMIN"
"1431","LEVETIRACETAM"
"1432","NANDROLONE"
"1433","KETAMINE"
"1434","TELITHROMYCINE"
"1435","KETOCONAZOLE"
"1436","CETOISOLEUCINE"
"1437","CETOLEUCINE"
"1438","CETOPHENYLALANINE"
"1439","CETOVALINE"
"1440","TRYPTOPHANE"
"1441","ANAKINRA"
"1442","QUINUPRAMINE"
"1443","ABACAVIR"
"1444","SAXAGLIPTINE"
"1445","PEGLOTICASE"
"1446","SAPROPTERINE"
"1447","DROXIDOPA"
"1448","PHENETURIDE"
"1449","LAMOTRIGINE"
"1450","TERBINAFINE"
"1451","NIFURTIMOX"
"1452","CLOFAZIMINE"
"1453","LANSOPRAZOLE"
"1454","DEFLAZACORT"
"1455","GLARGINE"
"1456","THIOGUANINE"
"1457","CHLORPROMAZINE"
"1458","MEFLOQUINE"
"1459","CARBOSALICYLATE"
"1460","LDE 225"
"1461","DEMECLOCYCLINE"
"1462","SILIBININE"
"1463","SILYBUM MARIANUM"
"1464","ASPERULE"
"1465","FORMESTANE"
"1466","HYDROFLUMETHIAZIDE"
"1467","TROPATEPINE"
"1468","LERCANIDIPINE"
"1469","MOLGRAMOSTIME"
"1470","SARGRAMOSTIME"
"1471","INOLIMOMAB"
"1472","BENDAMUSTINE"
"1473","DETEMIR"
"1474","VARDENAFIL"
"1475","LEVOCETIRIZINE"
"1476","LEVOFLOXACINE"
"1477","OXITRIPTAN"
"1478","ACIDE PALMITIQUE"
"1479","GALACTOSE"
"1480","GONADORELINE"
"1481","CHLORDIAZEPOXIDE"
"1482","CLIDINIUM"
"1483","CLOFIBRIDE"
"1484","ESTER"
"1485","GEMFIBROZIL"
"1486","LISINOPRIL"
"1487","LITHIUM"
"1488","METHIONINE"
"1489","TIBOLONE"
"1490","DESONIDE"
"1491","ETODOLAC"
"1492","LOMEFLOXACINE"
"1493","METOPROLOL"
"1494","FENTICONAZOLE"
"1495","BENORILATE"
"1496","LORMETAZEPAM"
"1497","OMEPRAZOLE"
"1498","ENOXAPARINE"
"1499","NICARDIPINE"
"1500","RANIBIZUMAB"
"1501","MECLOFENOXATE"
"1502","MAPROTILINE"
"1503","PERFLUTREN"
"1504","METHOCARBAMOL"
"1505","DIFEMERINE"
"1506","PROBUCOL"
"1507","DOTA-OCTREOTATE"
"1508","NOMEGESTROL"
"1509","DEMEGESTONE"
"1510","ETYNODIOL"
"1511","LUTROPINE"
"1512","IMMUNOGLOBULINE ANTI THYMOCYTE EQUINE"
"1513","PREGABALINE"
"1514","PRAZEPAM"
"1515","COUMARINE"
"1516","METACYCLINE"
"1517","MITOTANE"
"1518","RITUXIMAB"
"1519","PEGAPTANIB"
"1520","CENTELLA ASIATICA"
"1521","HYDROCOTYLE"
"1522","METAMPICILLINE"
"1523","THIOPROPERAZINE"
"1524","METHAQUALONE"
"1525","MANNITOL"
"1526","OXYPHENCYCLIMINE"
"1527","PHENPROCOUMONE"
"1528","CYCLIZINE"
"1529","RIZATRIPTAN"
"1530","HUILE DE CHAIR DE POISSON"
"1531","PARETHOXYCAINE"
"1532","MEBENDAZOLE"
"1533","TRIGLYCERIDES"
"1534","MEGESTROL"
"1535","TETRAZEPAM"
"1536","METHOXSALENE"
"1537","VASELINE"
"1538","THIORIDAZINE"
"1539","MELOXICAM"
"1540","ANTIGENE NEISSERIA MENING"
"1541","DIPHTERIAE"
"1542","TERPINOL"
"1543","THYMOL"
"1544","MEPACRINE"
"1545","CYANINOSIDE"
"1546","MERCUROBUTOL"
"1547","MERBROMINE"
"1548","MEROPENEME"
"1549","MESNA"
"1550","PYRIDOSTIGMINE"
"1551","TENECTEPLASE"
"1552","STRONTIUM"
"1553","ALVERINE"
"1554","PHLOROGLUCINOL"
"1555","METACHOLINE"
"1556","METHADONE"
"1557","ERGOMETRINE"
"1558","MITOGUAZONE"
"1559","MTYRAPONE"
"1560","METRELEPTINE"
"1561","MEXILETINE"
"1562","TELMISARTAN"
"1563","NOIX MALVA"
"1564","MIDECAMYCINE"
"1565","MIFEPRISTONE"
"1566","PHENAZONE"
"1567","PROGLUMIDE"
"1568","CINACALCET"
"1569","ACENOCOUMAROL"
"1570","TIABENDAZOLE"
"1571","CARBACHOL"
"1572","MIRTAZAPINE"
"1573","MIZOLASTINE"
"1574","MITHRAMYCINE"
"1575","HUILE DE FOIS DE POISSON"
"1576","MIZORIBINE"
"1577","VIRUS OREILLONS"
"1578","VIRUS ROUGEOLE"
"1579","VIRUS RUBEOLE"
"1580","IDEBENONE"
"1581","MOCLOBEMIDE"
"1582","MODAFINIL"
"1583","FLUPHENAZINE"
"1584","SOMATOSTATINE"
"1585","MOEXIPRIL"
"1586","NITRAZEPAM"
"1587","SERTACONAZOLE"
"1588","KETOTIFENE"
"1589","MONTELUKAST"
"1590","MOXONIDINE"
"1591","PLERIXAFOR"
"1592","SILICATE"
"1593","SCAMMONEE"
"1594","GUAR"
"1595","EPRAZINONE"
"1596","METHYLE"
"1597","DRONEDARONE"
"1598","FOTEMUSTINE"
"1599","MUPIROCINE"
"1600","PERPHENAZINE"
"1601","MICAFUNGINE"
"1602","ACIDE UNDECYLENIQUE"
"1603","ZINC UNEDCYLENATE"
"1604","NIFURATEL"
"1605","TROPICAMIDE"
"1606","SULCONAZOLE"
"1607","GEMTUZUMAB"
"1608","SODIUM AUROTHIOMALATE"
"1609","TENOATE"
"1610","PRIMIDONE"
"1611","AMBENONIUM"
"1612","METHYLPENTYNOL"
"1613","ACIDE SPAGLUMIQUE"
"1614","NABUMETONE"
"1615","GALSULFASE"
"1616","SULPROSTONE"
"1617","FENOPROFENE"
"1618","NALOXONE"
"1619","NALORPHINE"
"1620","XIBORNOL"
"1621","RHENIUM"
"1622","ASPARTATE"
"1623","PHENELZINE"
"1624","ROPIVACAINE"
"1625","IMMUNOGLOBULINE ANTI D HUMAINE"
"1626","BENDROFLUMETHIAZIDE"
"1627","NIMORAZOLE"
"1628","RITIOMETAN"
"1629","POLYGALA"
"1630","CARBIMAZOLE"
"1631","NEOSTIGMINE"
"1632","CREATINE"
"1633","DIFLUCORTOLONE"
"1634","THIOPENTAL"
"1635","PEGFILGRASTIM"
"1636","PROPERICIAZINE"
"1637","FILGRASTIM"
"1638","ROTIGOTINE"
"1639","FLORBETABEN"
"1640","BARBITAL"
"1641","CHLORPROETHAZINE"
"1642","TOXINE BOTULIQUE B"
"1643","NEPAFENAC"
"1644","NEVIRAPINE"
"1645","SORAFENIB"
"1646","NIMESULIDE"
"1647","ETONOGESTREL"
"1648","NIALAMIDE"
"1649","NITROXOLINE"
"1650","SULFAMETHIZOLE"
"1651","NICERGOLINE"
"1652","NICOTINE"
"1653","MORNIFLUMATE"
"1654","NORETHANDROLONE"
"1655","NIMODIPINE"
"1656","NINTEDANIB"
"1657","PENTOSTATINE"
"1658","NITROPRUSSIATE"
"1659","VALNOCTAMIDE"
"1660","PARAHYDROXYBENZOATE BENZYLE"
"1661","TETRABENAZINE"
"1662","NIVOLUMAB"
"1663","NIZATIDINE"
"1664","MEDAZEPAM"
"1665","OXETORONE"
"1666","ACEPROMAZINE"
"1667","ACEPROMETAZINE"
"1668","CLORAZEPATE"
"1669","NIAPRAZINE"
"1670","NOREPINEPHRINE"
"1671","VECURONIUM"
"1672","NORDAZEPAM"
"1673","TEMAZEPAM"
"1674","RIFAXIMINE"
"1675","HEMINE HUMAINE"
"1676","NORTRIPTYLINE"
"1677","DIBENZEPINE"
"1678","TUROCTOCOG ALFA"
"1679","REPAGLINIDE"
"1680","EPTACOG"
"1681","POSACONAZOLE"
"1682","NOXYTIOLINE"
"1683","ESTAZOLAM"
"1684","BELATACEPT"
"1685","ACIDE RIBONUCLEIQUE"
"1686","CLOFOCTOL"
"1687","FLAMENOL"
"1688","SACCHARINE"
"1689","NORGESTRIENONE"
"1690","OLANZAPINE"
"1691","OLAPARIB"
"1692","MOLYBDATE"
"1693","NICKEL"
"1694","ADRAFINIL"
"1695","SIMEPREVIR"
"1696","ESTER ACIDES GRAS OMEGA 3"
"1697","HUILE DE POISSON"
"1698","PHOSPHATIDE D'OEUF"
"1699","GADODIAMIDE"
"1700","INDACATEROL"
"1701","VINCRISTINE"
"1702","ONDANSETRON"
"1703","CYCLOFENIL"
"1704","BENZYDAMINE"
"1705","OLOPATADINE"
"1706","OXYDE MERCURIQUE JAUNE"
"1707","PIMOZIDE"
"1708","PRAMIPEXOLE"
"1709","VINYLBITAL"
"1710","IOVERSOL"
"1711","PHENOXYMETHYLPENICILLINE"
"1712","POLLENS HYDROSOLUBLES"
"1713","FAMCICLOVIR"
"1714","FENOZOLONE"
"1715","ABATACEPT"
"1716","NITISINONE"
"1717","GANIRELIX"
"1718","DANAPAROIDE"
"1719","ORNIDAZOLE"
"1720","EFLORNITHINE"
"1721","DEQUALINIUM"
"1722","AMPHETAMINE"
"1723","MUROMONAB CD4"
"1724","EPTOTERMINE"
"1725","SULTIAME"
"1726","OS EXTRAIT"
"1727","RIFAMYCINE"
"1728","PROPIONATE"
"1729","CHORIOGONADOTROPINE"
"1730","OXANDROLONE"
"1731","OXCARBAZEPINE"
"1732","BAMBUTEROL"
"1733","VINCAMINE"
"1734","OXYMETHOLONE"
"1735","ETOFYLLINE"
"1736","AMMONIUM QUATERNAIRE"
"1737","OXYTOCINE"
"1738","CARBETOCINE"
"1739","ACIDE PARA AMINOBENZOIQUE"
"1740","PALIURE"
"1741","GENTIANE"
"1742","ARTEMETHER"
"1743","FENOCINOL"
"1744","FLUOROSCEINE"
"1745","PANCURONIUM"
"1746","PERMETHRINE"
"1747","RABEPRAZOLE"
"1748","TRANYLCYPROMINE"
"1749","PASIREOTIDE"
"1750","LUPULIN"
"1751","DROSERA"
"1752","NONOXINOL"
"1753","OXELADINE"
"1754","RIBONUCLEASE"
"1755","EUGENOL"
"1756","PINENE"
"1757","PEFLOXACINE"
"1758","PEGINTERFERON ALFA 2A"
"1759","OIGNON"
"1760","PEMBROLIZUMAB"
"1761","METICILLINE"
"1762","PENTAMIDINE"
"1763","AMCINONIDE"
"1764","PENTOBARBITAL"
"1765","PENTAGASTRINE"
"1766","SALICYLAMIDE"
"1767","ENOXIMONE"
"1768","PERTUZUMAB"
"1769","DESIPRAMINE"
"1770","PETHIDINE"
"1771","ETHOSUXIMIDE"
"1772","MESUXIMIDE"
"1773","PERHEXILINE"
"1774","CANRENONE"
"1775","FLUOR"
"1776","CANTHAXANTHINE"
"1777","PORMIFERE"
"1778","ACIDE PHYTIQUE"
"1779","ACHE"
"1780","BUCHU"
"1781","GINGEMBRE"
"1782","BAUME DE TOLU"
"1783","AVOCAT"
"1784","SOJA"
"1785","INGENOL"
"1786","PHYLLANTUS"
"1787","ANHYDRIDE ARSENIEUX"
"1788","NATAMYCINE"
"1789","PHENINDIONE"
"1790","PIPOTIAZINE"
"1791","ACIDE PIPEMIDIQUE"
"1792","PIPENZOLATE"
"1793","PYRAZINAMIDE"
"1794","HYDROXYCHLOROQUINE"
"1795","ACEXAMATE"
"1796","DICHLOROPHENE"
"1797","CILOSTAZOL"
"1798","FENSPIRIDE"
"1799","ANTIGENE STREPTOCOCCUS"
"1800","CROSPOVIDONE"
"1801","KARAYA"
"1802","CETIOL"
"1803","FENFLURAMINE"
"1804","PIVAMPICILLINE"
"1805","ACIDE MEFENAMIQUE"
"1806","BECLAMIDE"
"1807","DABIGATRAN"
"1808","APTOCAINE"
"1809","TRAZODONE"
"1810","DIPHEMANIL"
"1811","CAFEDRINE"
"1812","THEODRENALINE"
"1813","RITODRINE"
"1814","DINOPROSTONE"
"1815","FLUINDIONE"
"1816","DARUNAVIR"
"1817","ZICONOTIDE"
"1818","DAPOXETINE"
"1819","PRIMAQUINE"
"1820","METENOLONE"
"1821","MALATHION"
"1822","TOLAZOLINE"
"1823","PRISTINAMYCINE"
"1824","PROPACETAMOL"
"1825","PROPANTHELINE"
"1826","IVABRADINE"
"1827","RUSCOGENINE"
"1828","FOSPHENYTOINE"
"1829","PALMIER DE FLORIDE"
"1830","HYDROXYPROGESTERONE"
"1831","GADOTERIDOL"
"1832","DENOSUMAB"
"1833","PAULLINIA"
"1834","PROLINTANE"
"1835","DIPIVEFRINE"
"1836","CARBASALATE"
"1837","PROPYLTHIOURACILE"
"1838","DINOPROST"
"1839","PROTAMINE"
"1840","DOSULEPINE"
"1841","MESTEROLONE"
"1842","PYGEUM AFRICANUM"
"1843","BERGAPTENE"
"1844","PSYLLIUM"
"1845","DORNASE"
"1846","ACIDE PIROMIDIQUE"
"1847","MERCAPTOPURINE"
"1848","EPINASTINE"
"1849","SENNOSIDES"
"1850","CARBENICILLINE"
"1851","RHUBARBE"
"1852","CAMPHOSULFONATE"
"1853","PHENAZOPYRIDINE"
"1854","AMINOSALICYLATE"
"1855","SULFAMETROLE"
"1856","QUINIDINE"
"1857","QUINISOCAINE"
"1858","CAPSAICINE"
"1859","VIRUS RABIQUE"
"1860","PIRPROFENE"
"1861","RANITIDINE"
"1862","SIROLIMUS"
"1863","RADIS NOIR"
"1864","RETEPLASE"
"1865","REGADENOSON"
"1866","EFALIZUMAB"
"1867","EFLOXATE"
"1868","MOROCTOCOG ALFA"
"1869","PICOLAMINE"
"1870","LEPIRUDINE"
"1871","PHENTOLAMINE"
"1872","BECAPLERMINE"
"1873","ACIDE OLEIQUE"
"1874","ZANAMIVIR"
"1875","RUTOSIDES"
"1876","REMIFENTANIL"
"1877","TREPROSTINIL"
"1878","CATUMAXOMAB"
"1879","SEVELAMER"
"1880","POLYTHIAZIDE"
"1881","SUCCIMER"
"1882","ABCIXIMAB"
"1883","HEMOCOAGULASE"
"1884","DELAVIRDINE"
"1885","PRUCALOPRIDE"
"1886","ZIPEPROL"
"1887","DESIRUDINE"
"1888","SILDENAFIL"
"1889","ANATOXINE"
"1890","ANATOXINE DIPHTERIQUE"
"1891","ANATOXINE TETANIQUE"
"1892","TETANOS"
"1893","PHENYLALANINE"
"1894","LENALIDOMIDE"
"1895","ELTROMBOPAG"
"1896","ATAZANAVIR"
"1897","ACIDE ISOSPAGLUMIQUE"
"1898","TUAMINOHEPTANE"
"1899","BRANHAMELLA CATARRHALIS"
"1900","PRIFINIUM"
"1901","LUMEFANTRINE"
"1902","CHYMOTRYPSINOGENE"
"1903","INFLUENZAE"
"1904","RIBOSOME STREPTOCOCCUS"
"1905","RIBSOSOME STREPTOCOCCUS"
"1906","NIFURZIDE"
"1907","AURANOFINE"
"1908","RIFAMPICINE"
"1909","RILUZOLE"
"1910","DIMETHYLE SULFOXYDE"
"1911","RISPERIDONE"
"1912","CLONAZEPAM"
"1913","VEMURAFENIB"
"1914","TOCILIZUMAB"
"1915","RIMANTADINE"
"1916","ROTAVIRUS HUMAIN"
"1917","ROXATIDINE"
"1918","CONESTAT ALFA"
"1919","PROPAFENONE"
"1920","VIGABATRIN"
"1921","LACTOPROTEINES"
"1922","TAFLUPROST"
"1923","SULFASALAZINE"
"1924","OCTREOTIDE"
"1925","BESILESOMAB"
"1926","ALUN DE CHROME"
"1927","TELBIVUDINE"
"1928","AZLOCILLINE"
"1929","FLUANISONE"
"1930","MOPERONE"
"1931","PROZAPINE"
"1932","GLYCOPYRRONIUM"
"1933","PIVMECILLINAM"
"1934","NALMEFENE"
"1935","SELENIUM BISULFURE"
"1936","PENFLURIDOL"
"1937","CHOLESTEROL"
"1938","PLANTAIN"
"1939","HYDROQUINIDINE"
"1940","OXAZEPAM"
"1941","SALMETEROL"
"1942","SERTRALINE"
"1943","SEVOFLURANE"
"1944","OLEANDOMYCINE"
"1945","TROLEANDOMYCINE"
"1946","SILODOSINE"
"1947","CLOBUTINOL"
"1948","LEVOSIMENDAN"
"1949","GOLIMUMAB"
"1950","BASILIXIMAB"
"1951","CARBIDOPA"
"1952","DOXEPINE"
"1953","SISOMICINE"
"1954","CYCLOPENTOLATE"
"1955","GLUTAMATE"
"1956","BADIANE"
"1957","CONDURANGO"
"1958","ECULIZUMAB"
"1959","IOPODATE"
"1960","ETHOXAZORUTOSIDE"
"1961","SOMATORELINE"
"1962","PEGVISOMANT"
"1963","VINBARBITAL"
"1964","ACITRETINE"
"1965","SOTALOL"
"1966","PARAPENZOLATE"
"1967","SPARFLOXACINE"
"1968","DEHYDROCHOLATE"
"1969","METIXENE"
"1970","DIHEXYVERINE"
"1971","AVANAFIL"
"1972","QUASSIA"
"1973","LEPTOSPIRE"
"1974","TOLNAFTATE"
"1975","LAVANDIN"
"1976","BUTOXYDE"
"1977","PYRETHRE"
"1978","ESDEPALLETHRINE"
"1979","FOSFESTROL"
"1980","TIANEPTINE"
"1981","VIRUS FIEVRE JAUNE"
"1982","VIRGINIAMYCINE"
"1983","NORGESTREL"
"1984","USTEKINUMAB"
"1985","PROCHLORPERAZINE"
"1986","ANCESTIME"
"1987","PREDNIMUSTINE"
"1988","ACIDE AMINOBUTYRIQUE"
"1989","LOPOBUTAN"
"1990","PIRISUDANOL"
"1991","CETIEDIL"
"1992","ATOMOXETINE"
"1993","METACRESOL"
"1994","STREPTOKINASE"
"1995","ETIFOXINE"
"1996","COBICISTAT"
"1997","ELVITEGRAVIR"
"1998","SUCCINIMIDE"
"1999","SACROSIDASE"
"2000","SUFENTANIL"
"2001","SULFACETAMIDE"
"2002","ANETHOLTRITHIONE"
"2003","DESFLURANE"
"2004","BUSERELINE"
"2005","SULFAMOXOLE"
"2006","CINNARIZINE"
"2007","MOXESTROL"
"2008","COLFOSCERIL"
"2009","PROMEGESTONE"
"2010","BUTALAMINE"
"2011","PHOSPHOLIPIDE POUMON BOVIN"
"2012","AMINEPTINE"
"2013","MOLYBDENE"
"2014","SUNITINIB"
"2015","ASENAPINE"
"2016","TETRACOSACTIDE"
"2017","PALIVIZUMAB"
"2018","FLUOCINOLONE"
"2019","NAFARELINE"
"2020","DESOXYCORTONE"
"2021","ESTRONE"
"2022","OXYDE DE CUIVRE"
"2023","RESORCINE"
"2024","VERATROL"
"2025","CHLORPHENOXAMINE"
"2026","BENZETHONIUM"
"2027","CHLOROTRIANISENE"
"2028","CEFOTIAM"
"2029","FELBAMATE"
"2030","TAMARIN"
"2031","OSELTAMIVIR"
"2032","TAMOXIFENE"
"2033","IMIDAPRIL"
"2034","ERLOTINIB"
"2035","TEICOPLANINE"
"2036","BEXAROTENE"
"2037","NILOTINIB"
"2038","TOLCAPONE"
"2039","TIRATRICOL"
"2040","TERFENADINE"
"2041","IOXITALAMATE"
"2042","FOSAMPRENAVIR"
"2043","TEMOZOLOMIDE"
"2044","MEFRUSIDE"
"2045","BEMETIZIDE"
"2046","GUABENXANE"
"2047","LOLESCUTOL"
"2048","PARAFLUTIZIDE"
"2049","THIOTEPA"
"2050","TERAZOSINE"
"2051","CYAMEMAZINE"
"2052","TRIFLUOPERAZINE"
"2053","TERNIDAZOLE"
"2054","MANGAFODIPIR"
"2055","THALIDOMIDE"
"2056","SITAXENTAN"
"2057","PIRARUBICINE"
"2058","BENZOYLE"
"2059","SULFURE"
"2060","THYROTROPHINE"
"2061","THYROTROPHINE ALFA"
"2062","THIAMAZOLE"
"2063","TIDIACIC"
"2064","TICLOPIDINE"
"2065","ETRETINATE"
"2066","NEDOCROMIL"
"2067","TENOXICAM"
"2068","METAPRAMINE"
"2069","DEMEXIPTILINE"
"2070","OXATOMIDE"
"2071","TIROFIBAN"
"2072","BEDAQUILINE"
"2073","DIARYLQUINOLONE"
"2074","NARINGENINE"
"2075","IMIPRAMINE"
"2076","RALTITREXED"
"2077","THIETHYLPERAZINE"
"2078","TORASEMIDE"
"2079","TEMSIROLIMUS"
"2080","AUNEE"
"2081","AMPICILLINE"
"2082","FESOTERODINE"
"2083","BOSENTAN"
"2084","LABETALOL"
"2085","ADIPIODONE"
"2086","ROLITETRACYCLINE"
"2087","ATALUREN"
"2088","ACIDE CINAMETIQUE"
"2089","OXPRENOLOL"
"2090","ETHIONAMIDE"
"2091","NICLOSAMIDE"
"2092","BAMIFYLLINE"
"2093","PROTIRELINE"
"2094","TRIENTINE"
"2095","OMEGA 3"
"2096","TRIFLURIDINE"
"2097","TRIFLUPERIDOL"
"2098","ARSENIC"
"2099","PIRIBEDIL"
"2100","RETIGABINE"
"2101","PENICILLAMINE D"
"2102","ETHYLE"
"2103","PRAMOCAINE"
"2104","TUBERCULINE"
"2105","ESPECES PECTORALES"
"2106","ANTIGENE SALMONELLA TYPHI"
"2107","TIGECYCLINE"
"2108","NATALIZUMAB"
"2109","LAPATINIB"
"2110","TEGAFUR"
"2111","URACILE"
"2112","ACIDE OROTIQUE"
"2113","FLUOCORTOLONE"
"2114","IOPROMIDE"
"2115","NIFURFOLINE"
"2116","CLOBAZAM"
"2117","NIFURTOINOL"
"2118","FLAVOXATE"
"2119","ACIDE ACETOHYDROXAMIQUE"
"2120","ACIDE OXOLINIQUE"
"2121","URIDINE"
"2122","HYDROXY QUINOLEINE"
"2123","ACTINOQUINOL"
"2124","ULIPRISNIL"
"2125","IFENPRODIL"
"2126","PROPIZEPINE"
"2127","VALACICLOVIR"
"2128","CICLIOMENOL"
"2129","CYCLOVALONE"
"2130","INOSITOL"
"2131","IMMUNOGLOBULINE VZV HUMAINE"
"2132","VIRUS VARICELLE"
"2133","BAMETHAN"
"2134","DIHYDROERGOCRYPTINE"
"2135","CINEPAZIDE"
"2136","METHOXAMINE"
"2137","PANITUMUMAB"
"2138","TOCOFERSOLAN"
"2139","BORTEZOMIB"
"2140","CLOTIAZEPAM"
"2141","PIPOBROMAN"
"2142","THUYA"
"2143","HETACILLINE"
"2144","SOLIFENACINE"
"2145","CHALCONE"
"2146","RIMEXOLONE"
"2147","VORICONAZOLE"
"2148","CEDRE"
"2149","NOIX MUSCADE"
"2150","LOFLAZEPATE"
"2151","LIRAGLUTIDE"
"2152","AZACITIDINE"
"2153","DIDANOSINE"
"2154","INDORAMINE"
"2155","FIPEXIDE"
"2156","ELOSULFASE ALFA"
"2157","LACOSAMIDE"
"2158","VINTAFOLIDE"
"2159","LIPASE PORCINE"
"2160","ROFECOXIB"
"2161","VIDARABINE"
"2162","PEGINTERFERON ALFA 2B"
"2163","LETOSTEINE"
"2164","PINDOLOL"
"2165","VERTEPROFINE"
"2166","PICLOXYDINE"
"2167","PHYTOMENADIONE"
"2168","BENFOTIAMINE"
"2169","FOMIVIRSEN"
"2170","METOPIMAZINE"
"2171","AMBRISENTAN"
"2172","GLUCARPIDASE"
"2173","PAZOPANIB"
"2174","VELAGLUCERASE"
"2175","TAFAMIDIS"
"2176","LISDEXAMFETAMINE"
"2177","RUPATADINE"
"2178","RIVAROXABAN"
"2179","PALIPERIDONE"
"2180","MEPHENOXALONE"
"2181","QUETIAPINE"
"2182","DROTRECOGINE"
"2183","VIQUIDIL"
"2184","OMALIZUMAB"
"2185","HYDROXY BUTYRATE"
"2186","BROMFENAC"
"2187","YOHIMBINE CHLORHYDRATE"
"2188","TRABECTEDINE"
"2189","STREPTOZOCINE"
"2190","TIPIFARNIB"
"2191","MIGLUSTAT"
"2192","ESLICARBAZEPINE"
"2193","ZIPRASIDONE"
"2194","DACLIZUMAB"
"2195","STAVUDINE"
"2196","CEFTOBIPROL"
"2197","CEFTAROLINE"
"2198","VORINOSTAT"
"2199","ZOLMITRIPTAN"
"2200","ZONISAMIDE"
"2201","TAZAROTENE"
"2202","BUPROPION"
"2203","IDELALISIB"
"2204","ZILEUTON"
"2205","ABIRATERONE"
"2206","LINEZOLIDE"
"2207","ALUMINE"
